{"count":1,"self":37.2539136,"total":37.940624899999996,"children":{"InitializeActuators":{"count":2,"self":0.0019997,"total":0.0019997,"children":null},"InitializeSensors":{"count":2,"self":0.0015046,"total":0.0015046,"children":null},"AgentSendState":{"count":1635,"self":0.0059099999999999995,"total":0.0318178,"children":{"CollectObservations":{"count":327,"self":0.007929799999999999,"total":0.007929799999999999,"children":null},"WriteActionMask":{"count":327,"self":0.0024403999999999997,"total":0.0024403999999999997,"children":null},"RequestDecision":{"count":327,"self":0.015537599999999999,"total":0.015537599999999999,"children":null}}},"DecideAction":{"count":1635,"self":0.6304497,"total":0.6304497,"children":null},"AgentAct":{"count":1635,"self":0.019887699999999998,"total":0.019887699999999998,"children":null}},"gauges":{},"metadata":{"timer_format_version":"0.1.0","start_time_seconds":"1689241641","unity_version":"2022.1.24f1","command_line_arguments":"E:\\unity_editor\\Editor\\Unity.exe -projectpath E:\\unity_projects\\Ball Control -useHub -hubIPC -cloudEnvironment production -licensingIpc undefined -hubSessionId 5560b6d0-2161-11ee-af66-6d27efed45d1 -accessToken drluG6eGinpcvmcBmO5PUaBevYBtFm2fv2qbAnYiWnc008f","communication_protocol_version":"1.5.0","com.unity.ml-agents_version":"2.0.1","scene_name":"SampleScene","end_time_seconds":"1689241679"}}